diff --git a/home/priyank/Desktop/Dropbox/RCODI/similarity-and-code-analysis/2016greenironhack-phase4/2016greenironhack-crloflin/IndianaFarmersMarkets.csv b/home/priyank/Desktop/Dropbox/RCODI/similarity-and-code-analysis/2016greenironhack-phase4/2016greenironhack-crloflin/IndianaFarmersMarkets.csv
new file mode 100644
index 0000000..f8a7383
--- /dev/null
+++ b/home/priyank/Desktop/Dropbox/RCODI/similarity-and-code-analysis/2016greenironhack-phase4/2016greenironhack-crloflin/IndianaFarmersMarkets.csv
@@ -0,0 +1,180 @@
+FMID,MarketName,Website,Facebook,Twitter,Youtube,OtherMedia,street,city,County,State,zip,Season1Date,Season1Time,Season2Date,Season2Time,Season3Date,Season3Time,Season4Date,Season4Time,x,y,Location,Credit,WIC,WICcash,SFMNP,SNAP,Organic,Bakedgoods,Cheese,Crafts,Flowers,Eggs,Seafood,Herbs,Vegetables,Honey,Jams,Maple,Meat,Nursery,Nuts,Plants,Poultry,Prepared,Soap,Trees,Wine,Coffee,Beans,Fruits,Grains,Juices,Mushrooms,PetFood,Tofu,WildHarvested,updateTime
+1003161,38th & Meridian Farmers Market,,,,,,3808 North Meridian Street,Indianapolis,Marion,Indiana,46208,June to October,Thu:4:00 PM - 6:30 PM;,,,,,,,-86.15875,39.82604,"Faith-based institution (e.g., church, mosque, synagogue, temple)",Y,Y,Y,Y,N,N,Y,Y,N,Y,Y,N,Y,Y,Y,Y,Y,Y,N,N,N,Y,Y,Y,N,N,N,N,N,N,N,N,N,N,N,4/30/2012 10:26:46 AM
+1006494,52 & Shadeland Avenue Farmers Market,,,,,,5200 N. Shadeland Avenue,Indianapolis,,Indiana,46226,,,,,,,,,-86.0476,39.8481,,N,N,N,N,N,-,,,,,,,,,,,,,,,,,,,,,,,,,,,,,,2009
+1010883,Anderson City Market ,http://www.andersoncitymarket.org/,https://www.facebook.com/AndersonCityFarmersMarket,,,,11th and Meridian ,Anderson ,Madison,Indiana,46016,05/09/2015 to 10/17/2015,Sat: 9:00 AM-1:00 PM;,,,,,,,-85.679210,40.104518,,Y,N,N,N,Y,-,Y,N,Y,Y,Y,N,N,Y,Y,N,Y,N,N,N,N,N,Y,Y,N,N,Y,N,Y,N,Y,N,N,N,N,3/5/2015 10:27:09 AM
+1002581,Arlene Knudson,,,,,,305 N. Buckeye Street,Osgood,Ripley,Indiana,47037,,,,,,,,,-85.2924,39.1313,,N,N,N,N,N,-,,,,,,,,,,,,,,,,,,,,,,,,,,,,,,May 14 2010 10:45PM
+1008534,Artisan Foodworks Thursday Evening Market,http://www.artisanfoodworks.com/,http://www.facebook.com/ArtisanFoodworksMKT,https://twitter.com/AFoodworksMKT,,,9600 North US Hwy 31,Columbus ,Bartholomew,Indiana,47201,06/06/2013 to 09/26/2013,Thu: 3:30 PM-7:00 PM;,,,,,,,-85.953111,39.292351,Private business parking lot,Y,Y,N,Y,N,Y,Y,Y,Y,Y,Y,N,Y,Y,N,Y,Y,Y,N,N,Y,Y,Y,Y,N,N,N,N,Y,N,N,N,N,N,N,6/26/2013 10:54:29 AM
+1001349,Auburn Farmers Market,,,,,,Courthouse Square,Auburn,Placer,Indiana,46706,,,,,,,,,-85.0514,41.3606,,N,N,N,N,N,-,,,,,,,,,,,,,,,,,,,,,,,,,,,,,,2009
+1010061,Avon Farmers Market,http://www.avongov.org,,,,,8244 E US Hwy 36,Avon,Hendricks,Indiana,IN,,Tue: 4:00 PM-7:00 PM;,,,,,,,-86.3772317,39.7631112,Healthcare Institution,Y,Y,N,N,Y,Y,Y,Y,Y,Y,Y,N,N,Y,Y,Y,N,N,N,N,Y,N,Y,Y,N,N,Y,N,Y,N,N,Y,Y,N,N,8/5/2014 10:44:02 AM
+1011153,Bean Blossom Farmers' Market,http://Www.beanblossomfarmersmarket.com,https://Facebook.com/beanblossomfarmersmarket,,,,Corner State Rd 45 and State Rd 135,Nashville ,Brown,Indiana,47448,05/29/2015 to 09/25/2015,Fri: 4:00 PM-7:00 PM;,,,,,,,-86.252467,39.265474,,Y,N,N,N,N,-,Y,Y,Y,Y,Y,N,Y,Y,Y,Y,Y,Y,N,N,Y,N,Y,Y,N,N,Y,N,Y,Y,Y,Y,N,N,Y,5/11/2015 8:11:54 PM
+1011041,Bedford Farmers Market,,www.facebook.com/BedfordFarmMarket,,,,924 16th Street,Bedford,Lawrence,Indiana,47421,05/16/2015 to 10/31/2015,Sun: 8:00 AM-1:00 PM;,,,,,,,-86.483982,38.861548,,Y,Y,N,Y,N,N,Y,N,Y,Y,Y,N,Y,Y,Y,Y,Y,Y,N,Y,Y,Y,N,Y,Y,N,N,N,Y,N,N,N,N,N,Y,4/16/2015 12:26:51 PM
+1010605,Berry's Produce & Country Market,,,,,,1415  W. Brumfield Ave.,Princeton ,Gibson,Indiana,47670,,,,,,,,,-87.583806,38.357542,,Y,N,N,N,N,-,,,,,,,,,,,,,,,,,,,,,,,,,,,,,,9/25/2014 12:03:49 AM
+1006523,Binford Farmers Market,http://www.BinfordFarmersMarket.com,https://www.facebook.com/pages/Binford-Farmers-Market/111165068392?ref=nf,,,,5060 East 62nd Street,Indianapolis,Marion,Indiana,46220,March to December,Sat:8:00 AM - 1:00 PM;,,,,,,,-86.084146,39.869366,Private business parking lot,Y,N,N,N,N,-,Y,Y,Y,Y,Y,Y,Y,Y,Y,Y,Y,Y,Y,N,Y,Y,Y,Y,Y,Y,N,N,N,N,N,N,N,N,N,4/30/2012 12:16:14 PM
+1002254,Bloomington Community Farmers' Market,http://www.bloomington.in.gov/farmersmarket,https://www.facebook.com/pages/Bloomington-Community-Farmers-Market/130635957114110,,,,401 North Morton St.,Bloomington,Monroe,Indiana,47401,04/05/2014 to 11/29/2014,Sat: 8:00 AM-1:00 PM;,,,,,,,-86.53614,39.1695,Local government building grounds,Y,Y,N,Y,Y,Y,Y,Y,Y,Y,Y,Y,Y,Y,Y,Y,Y,Y,N,Y,Y,Y,Y,Y,Y,Y,Y,Y,Y,Y,N,N,Y,N,Y,4/2/2014 8:43:54 AM
+1011784,Bloomington Winter Farmers Market,http://bloomingtonwinterfarmersmarket.com,https://www.facebook.com/Bloomington-Winter-Farmers-Market-205299875349/,,,,,Bloomington,Monroe,Indiana,47401,12/05/2015,Sat: 9:00 AM-12:30 PM;,,,,,,,-86.5263857,39.1653250,,Y,N,N,N,Y,Y,Y,Y,Y,Y,Y,N,Y,Y,Y,Y,Y,Y,N,N,Y,Y,Y,Y,N,N,Y,Y,Y,Y,N,Y,Y,N,N,2/17/2016 11:09:22 AM
+1001780,Bluffton Farmer's Market,,,,,,360 N. Main Street,Bluffton,Wells,Indiana,46714,05/03/2014 to 10/11/2014,Wed: 4:00 PM-7:00 PM;Sat: 8:00 AM-12:00 PM;,,,,,,,-85.171630,40.742723,Private business parking lot,N,N,N,N,N,N,Y,N,Y,N,N,N,N,Y,Y,N,N,Y,N,N,Y,N,N,N,N,N,Y,N,Y,N,N,N,N,N,N,3/31/2014 4:13:40 PM
+1009259,Bourbon Farmers Market,http://www.bourbonfarmersmarket.com/,https://www.facebook.com/BourbonFarmersMarket,,,,201 N Bourbon St,Bourbon,,Indiana,46504,,,,,,,,,-86.1185,41.2966,,Y,N,N,N,N,-,,,,,,,,,,,,,,,,,,,,,,,,,,,,,,2013
+1005505,Broad Ripple Farmers Market,http://www.broadripplefarmersmarket.org,https://www.facebook.com/BroadRippleFarmersMarket,,,,1115 Broad Ripple Avenue,Indianapolis,Marion,Indiana,46220,05/03/2014 to 11/22/2014,Sat: 8:00 AM-12:00 PM;,,,,,,,-86.137308,39.867373,Educational institution,Y,Y,Y,Y,Y,Y,Y,Y,Y,Y,Y,Y,Y,Y,Y,Y,Y,Y,N,N,Y,Y,Y,N,N,N,Y,N,Y,N,Y,Y,Y,N,N,5/12/2014 6:22:17 PM
+1001086,Brookville Farmers Market,,https://www.facebook.com/groups/63096253830/,,,,South Main Street,Brookville,Franklin,Indiana,47012,05/16/2014 to 10/17/2014,Fri: 3:30 PM-7:00 PM;,,,,,,,-85.011762,39.414490,Private business parking lot,Y,Y,Y,Y,Y,Y,Y,Y,Y,Y,Y,N,Y,Y,Y,Y,Y,N,N,N,Y,N,Y,Y,Y,N,N,Y,Y,Y,N,N,N,N,Y,5/15/2014 10:57:51 AM
+1009820,Brownsburg Farmers Market,http://www.brownsburg.org,https://www.facebook.com/BrownsburgFarmersMarket,https://twitter.com/BrownsburgIN,,,61 North Green Street,Brownsburg ,Hendricks,Indiana,46112,,Thu: 4:00 PM-7:00 PM;,,,,,,,-86.396798,39.844393,Local government building grounds,Y,Y,N,N,Y,Y,Y,Y,Y,Y,Y,N,Y,Y,Y,Y,N,Y,N,N,Y,Y,Y,Y,Y,N,Y,N,Y,Y,N,N,N,N,Y,4/7/2014 8:25:09 AM
+1004188,"Brownstown, Indiana Farmer's Market",http://www.brownstownchamber.org,,,,,Walnut St.,Brownstown,Jackson,Indiana,47220,,,,,,,,,-86.053,38.8794,,N,N,N,N,N,-,,,,,,,,,,,,,,,,,,,,,,,,,,,,,,May 13 2010  2:36PM
+1007367,Carmel Farmers Market,http://www.carmelfarmersmarket.com,https://www.facebook.com/carmelfarmersmarket,https://twitter.com/carmelfarmmrkt,,,5 Center Green,Carmel,Hamilton,Indiana,46032,05/03/2014 to 09/27/2014,Sat: 8:00 AM-11:30 AM;,,,,,,,-86.13041,39.96943,Local government building grounds,Y,N,N,N,N,Y,Y,Y,N,Y,Y,N,Y,Y,Y,Y,Y,Y,N,Y,Y,Y,Y,N,N,Y,Y,Y,Y,Y,Y,Y,Y,N,Y,5/12/2014 4:49:17 PM
+1005393,Centerville Farmers Market,,,,,,Behind Schraeder Real Estate,Centerville,Wayne,Indiana,47330,,,,,,,,,-84.9963,39.8195,,N,N,N,N,N,-,,,,,,,,,,,,,,,,,,,,,,,,,,,,,,2009
+1004611,Chesterton's European Market,http://www.chestertonseuropeanmarket.com,,,,,220 Broadway,Chesterton,Porter,Indiana,46304,May to October,Sat:8:00 am - 2:00 pm;,,,,,,,-87.0536,41.6108,Private business parking lot,N,N,N,N,N,Y,Y,Y,Y,Y,N,N,Y,Y,Y,Y,Y,Y,N,Y,Y,N,Y,Y,N,N,N,N,N,N,N,N,N,N,N,4/27/2011 2:49:25 PM
+1000704,Cicero Farmers Market,,,,,,Port Cicero Shopping Plaza,Cicero,Hamilton,Indiana,46034,,,,,,,,,-86.0135,40.1303,,N,N,N,N,N,-,,,,,,,,,,,,,,,,,,,,,,,,,,,,,,2009
+1004177,City Hall Farmer's Market,,,,,,700 Main Street,Tell City,Perry,Indiana,47586,January to December,Wed:12:00 pm - 0:00 pm;,,,,,,,-86.769,37.9517,Local government building grounds,N,N,N,N,N,-,Y,N,N,Y,N,N,N,N,Y,N,N,N,N,N,N,N,N,N,N,N,N,N,N,N,N,N,N,N,N,4/4/2011 3:56:34 PM
+1010192,Clermont Farmers Market,,https://www.facebook.com/pages/Clermont-Farmers-Market/368075276576854,,,,,Clermont ,Marion,Indiana,46234,07/10/2014 to 09/25/2014,Thu: 3:00 PM-6:30 PM;,,,,,,,-86.324648,39.816827,"Faith-based institution (e.g., church, mosque, synagogue, temple)",N,N,N,N,N,-,Y,N,Y,N,Y,N,N,Y,Y,N,N,N,N,N,N,N,N,N,N,N,N,N,Y,N,N,N,N,N,N,5/21/2014 10:17:30 PM
+1006705,Columbus City Farmers Market,,https://www.facebook.com/pages/Columbus-City-Farmers-Market/347949301937000,,,,25th Street at Fair Oaks Mall,Columbus,Bartholomew,Indiana,47201,06/01/2013 to 09/28/2013,Sat: 9:00 AM-12:30 PM;,,,,,,,-85.900278,39.223468,Private business parking lot,Y,Y,N,Y,N,Y,Y,N,Y,Y,Y,N,Y,Y,Y,Y,Y,Y,N,N,Y,N,N,Y,N,N,N,N,Y,N,N,N,N,N,N,6/12/2013 10:04:05 PM
+1006091,"Columbus Farmer's Market, Columbus, Indiana",http://www.columbusfarmersmarket.org/,,,,,501 Brown St.,Columbus,Bartholomew,Indiana,47201,June to September,sun:9:00 AM - 12:30 PM;,,,,,,,-85.924544,39.203327,Private business parking lot,Y,N,Y,Y,N,Y,Y,Y,Y,Y,Y,N,Y,Y,Y,Y,Y,Y,Y,Y,Y,N,Y,Y,Y,Y,N,N,N,N,N,N,N,N,N,5/24/2012 6:04:12 PM
+1000706,Connersville/Fayette County Farmers Market,,,,,,K-Mart parking lot,Connersville,Fayette,Indiana,47331,,,,,,,,,-85.142,39.6439,,N,N,N,N,N,-,,,,,,,,,,,,,,,,,,,,,,,,,,,,,,2009
+1005007,Crawfordsville Farmers Market,,https://www.facebook.com/crawfordsvillefarmersmarket,,,,Pike ST. between Washington St. & Walnut St.,Crawfordsville,Montgomery,Indiana,47933,04/18/2015 to 10/31/2015,Sat: 8:00 AM-2:00 PM;,,,,,,,-86.901777,40.040589,,Y,N,N,Y,Y,-,Y,Y,Y,Y,Y,N,Y,Y,Y,N,N,Y,N,N,Y,N,Y,Y,N,N,N,N,Y,N,N,N,N,N,N,3/20/2015 12:45:16 PM
+1003438,Crown Point Farmers Market,http://www.crownpoint.in.gov,,,,,South Main Street,Crown Point,Lake,Indiana,46307,,,,,,,,,-87.3647,41.4155,,N,N,N,N,N,-,,,,,,,,,,,,,,,,,,,,,,,,,,,,,,May 10 2010  3:18PM
+1003901,Cumberland Farmers Market,http://www.town.cumberland.in.us,,,,,11501 E. Washington St.,Cumberland,Marion,Indiana,46229,May to October,Tue:4:00 pm - 7:00 pm;Sat:8:00 am - 12:00 pm;,,,,,,,-85.9612,39.7758,Private business parking lot,N,N,Y,Y,N,Y,Y,Y,Y,Y,N,N,Y,Y,Y,Y,Y,Y,N,N,Y,N,Y,Y,N,N,N,N,N,N,N,N,N,N,N,4/22/2011 8:42:21 PM
+1003908,Danville Chamber of Commerce Farmer's Market,http://www.danvillechamber.org,https://www.facebook.com/DCOCFarmmarket/info,,,,10 S Jefferson St.,Danville,Hendricks,Indiana,46122,05/09/2015 to 09/12/2015,Sat: 8:00 AM-12:00 PM;,,,,,,,-86.5250684,39.7606302,,Y,N,N,N,N,-,Y,Y,Y,Y,N,N,Y,Y,Y,Y,Y,Y,N,N,Y,Y,Y,Y,N,N,Y,N,N,N,N,N,Y,N,N,3/19/2015 2:28:52 PM
+1005735,Decatur Farmer's Market,http://www.decaturindianafarmersmarket.com/default.aspx,,,,,231 East Monroe Street,Decatur,Adams,Indiana,46733,June to October,Thu:3:30 PM - 6:30 PM;,,,,,,,-84.92007,40.83229,Local government building grounds,N,N,N,N,N,-,Y,N,Y,Y,N,N,Y,Y,Y,Y,N,N,Y,N,Y,N,Y,Y,Y,N,N,N,N,N,N,N,N,N,N,5/24/2012 3:01:26 PM
+1008853,DOWNTOWN EVANSVILLE FARMERS MARKET,http://www.downtownevansvillefarmersmarket.com,https://www.facebook.com/VanderburghCountyFarmBureauFarmersMarket,,,,Second & Sycamore,"Evansville,IN",Vanderburgh,Indiana,47713,05/16/2014 to 09/26/2014,Fri: 8:00 AM-1:00 PM;,,,,,,,-87.573958,37.971315,Local government building grounds,Y,N,Y,Y,Y,Y,Y,Y,Y,Y,Y,N,Y,Y,Y,Y,N,Y,N,N,Y,N,Y,Y,Y,Y,Y,N,Y,N,Y,N,Y,N,N,3/31/2014 4:21:20 PM
+1004580,Downtown Seymour Farmers Market,,,,,,Walnut St. & St Louis Ave,Seymour,Jackson,Indiana,47274,05/01/2013 to 09/30/2013,Mon: 4:00 PM-7:00 PM;Wed: 7:00 AM-1:00 PM;Sat: 7:00 AM-1:00 PM;,,,,,,,-85.891564,38.957523,Local government building grounds,N,Y,N,Y,N,-,Y,Y,N,Y,Y,N,Y,Y,Y,N,N,Y,N,Y,Y,Y,N,Y,Y,N,N,N,Y,N,N,N,N,N,N,5/19/2014 3:53:48 PM
+1010998,Downtown Terre Haute Farmers' Market,http://www.downtownterrehautefarmersmarket.com,https://www.facebook.com/Terrehautedowntownfarmersmarket,@farmersmarketTH,,,9th & Cherry Streets,Terre Haute,Vigo,Indiana,47807,06/06/2015 to 10/31/2015,Sat: 8:00 AM-12:00 PM;,11/07/2015 to 05/07/2016,Sat: 9:00 AM-1:00 PM;,,,,,-87.4044397,39.4675452,,Y,Y,Y,Y,N,Y,Y,Y,Y,Y,Y,N,Y,Y,Y,Y,Y,Y,N,Y,Y,Y,Y,Y,Y,N,Y,Y,Y,Y,Y,Y,Y,N,Y,3/30/2015 2:39:15 PM
+1004603,Elkhart Community Farmer's Market,,,,,,100 North Elkhart Ave.,Elkhart,Elkhart,Indiana,46516,June to October,Sat:9:00 am - 3:00 pm;,,,,,,,-85.9685,41.6901,Local government building grounds,N,Y,N,Y,N,-,Y,N,Y,Y,N,N,Y,Y,Y,Y,Y,N,N,Y,Y,N,Y,N,N,N,N,N,N,N,N,N,N,N,N,4/27/2011 12:44:42 PM
+1010343,Ellettsville Farmers Market,http://area10agency.org,https://www.facebook.com/,https://twitter.com/area10agency,,,631 W. Edgewood Dr.,Ellettsville,Monroe,Indiana,47429,06/07/2014 to 09/27/2014,Sat: 8:00 AM-12:00 PM;,,,,,,,-86.6387800,39.2317870,Private business parking lot,N,Y,Y,Y,Y,Y,Y,Y,N,Y,Y,N,N,Y,N,Y,N,Y,N,N,Y,Y,Y,N,N,N,Y,N,Y,N,N,N,N,N,Y,6/28/2014 10:32:05 AM
+1003959,English Farmers Market,,,,,,201 Indiana Ave,English,Crawford,Indiana,47118,June to September,Sat:9:00 am - 1:00 pm;,,,,,,,-86.4432,38.3511,Local government building grounds,N,Y,Y,Y,N,-,Y,Y,Y,Y,N,N,Y,Y,Y,Y,N,N,N,N,Y,N,N,Y,N,N,N,N,N,N,N,N,N,N,N,4/6/2011 5:02:25 PM
+1009026,Farm to Fork Farmers Market at Normandy Farms,http://www.farmtoforkmarket.org,https://www.facebook.com/FarmtoForkMarketatNormandyFarms,,,,7802 Marsh RD,Indianapolis,Marion,Indiana,46278,11/02/2013 to 04/26/2014,Sat: 9:00 AM-12:30 PM;,05/02/2014 to 10/31/2014,Fri: 4:00 PM-7:00 PM;,11/08/2014 to 04/25/2015,Sat: 9:00 AM-12:30 PM;,,,-86.275251,39.894869,"On a farm from: a barn, a greenhouse, a tent, a stand, etc",Y,N,N,N,N,Y,Y,Y,Y,Y,Y,N,Y,Y,Y,Y,N,Y,N,N,Y,Y,Y,Y,Y,N,N,N,Y,N,N,N,N,N,N,1/14/2014 9:00:59 AM
+1005688,Farmers Market,,,,,,South Elkhart Street-across from the post office,Wakarusa,Elkhart,Indiana,46573,,,,,,,,,-86.021,41.5359,,N,N,N,N,N,-,,,,,,,,,,,,,,,,,,,,,,,,,,,,,,2009
+1002467,Farmers Market at the Barn,,,,,,"At the Barn, 1201 E. 38th Street",Indianapolis,Marion,Indiana,46205,,,,,,,,,-86.1365,39.8257,,N,N,N,N,N,-,,,,,,,,,,,,,,,,,,,,,,,,,,,,,,2009
+1001247,Farmers Market at the Fairgrounds,http://www.hoosierharvestcouncil.com/farmers-markets/farmers-market-at-the-fairgrounds/,https://www.facebook.com/FarmersMarketAtTheFairgrounds,https://twitter.com/AtTheFairgrounds,,,620 N Apple Street,Greenfield,Hancock,Indiana,46140,01/01/2014 to 04/19/2014,Sat: 10:00 AM-1:00 PM;,05/03/2014 to 06/28/2014,Sat: 8:00 AM-12:00 PM;,07/05/2014 to 10/25/2014,Wed: 8:00 AM-12:00 PM;Sat: 8:00 AM-12:00 PM;,11/01/2014 to 12/20/2014,Sat: 8:00 AM-12:00 PM;,-85.756241,39.791424,,Y,Y,N,Y,Y,-,Y,Y,N,N,Y,Y,Y,Y,Y,Y,Y,Y,N,N,Y,Y,N,Y,N,N,N,N,Y,N,N,N,Y,N,N,3/31/2015 10:16:19 AM
+1000748,Fishers Farmers Market,http://www.fishersfarmersmarket.com,,,,,11601 Municipal Drive,Fishers,Hamilton,Indiana,46038,June to September,Sat:8:00 AM - 12:00 PM;,,,,,,,-86.01632,39.9575,Local government building grounds,Y,Y,N,Y,N,-,Y,N,N,Y,Y,N,Y,Y,Y,Y,Y,Y,Y,N,Y,Y,Y,Y,N,N,N,N,N,N,N,N,N,N,N,4/30/2012 1:15:19 PM
+1008067,Fortville Farmers Market,http://www.hoosierharvestcouncil.com/farmers-markets/fortville-farmers-market/,https://www.facebook.com/FortvilleFarmersMarket,,,,701 South Maple Street,Fortville ,Hancock,Indiana,46040,05/07/2015 to 09/24/2015,Thu: 4:00 AM-7:00 PM;,,,,,,,-85.846045,39.928813,,Y,Y,N,Y,N,N,Y,Y,Y,Y,Y,N,Y,Y,Y,Y,Y,Y,N,N,Y,Y,Y,Y,N,N,N,N,Y,N,Y,N,Y,N,N,3/31/2015 10:15:11 AM
+1007247,Frankfort Farmers Market,,https://www.facebook.com/FrankfortFarmersMarket,,,,Courthouse Square,Frankfort,Clinton,Indiana,46041,06/07/2014 to 10/25/2014,Sat: 8:00 AM-12:00 PM;,,,,,,,-86.511368,40.280691,Local government building grounds,N,Y,N,Y,N,N,Y,N,Y,N,Y,N,N,Y,Y,Y,N,Y,N,N,Y,Y,Y,Y,N,N,N,N,Y,Y,N,N,N,N,N,3/14/2014 1:09:48 PM
+1011256,Franklin Farmers Market,http://www.discoverdowntownfranklin.com,https://www.facebook.com/pages/Discover-Downtown-Franklin/72056095655?ref=hl,,,,On the corner of Jackson St. and Jefferson St.,Franklin,Johnson,Indiana,46131,05/09/2015 to 10/03/2015,Sat: 8:00 AM-12:00 PM;,,,,,,,-86.056860,39.480227,,Y,N,N,N,N,Y,Y,Y,Y,Y,Y,N,Y,Y,Y,Y,Y,Y,N,Y,Y,N,Y,Y,N,Y,N,N,Y,Y,Y,Y,Y,N,N,6/18/2015 3:46:50 PM
+1011664,Franklin Street Bazaar,http://www.fallinlovewithfranklin.org/,https://m.facebook.com/FranklinStreetEventsAssociation,,,,2000 W. Franklin Street,Evansville,Vanderburgh,Indiana,47710,06/20/2015 to 09/19/2015,Sat: 9:00 AM-1:00 PM;,,,,,,,-87.594779,37.980145,,Y,Y,N,Y,Y,N,Y,Y,Y,Y,Y,N,Y,Y,Y,Y,N,Y,N,Y,Y,Y,Y,Y,N,Y,Y,N,Y,N,Y,N,Y,N,Y,8/10/2015 2:30:45 PM
+1010989,Fred Cammack Corydon Farmers Market ,http://corydonfarmersmarket.org,https://www.facebook.com/corydonfarmersmarket,,,,124 S Mulberry St,Corydon,Harrison,Indiana,47112,05/01/2015 to 10/30/2015,Fri: 4:00 PM-7:00 PM;,,,,,,,-86.1241987,38.2102489,,Y,Y,N,Y,N,-,Y,N,Y,Y,Y,N,Y,Y,Y,Y,Y,Y,N,N,Y,Y,Y,N,N,Y,Y,N,Y,N,N,N,N,N,N,3/27/2015 1:17:21 PM
+1004314,Ft. Wayne's Farmers Market,http://www.ftwaynesfarmersmarket.com,https://www.facebook.com/ftwaynesfm,https://twitter.com/FWfarmersmarket,,,Corner of Wayne and Barr St.  Fort Wayne,Fort Wayne,Allen,Indiana,46805,06/01/2013 to 09/14/2013,Sat: 9:00 AM-1:00 PM;,,,,,,,-85.135754,41.078416,Other,Y,N,N,N,N,Y,Y,Y,N,Y,Y,N,Y,Y,Y,Y,Y,Y,N,N,Y,Y,Y,Y,N,Y,N,N,Y,N,N,N,N,N,N,6/27/2013 6:49:10 AM
+1010804,Ft. Wayne's Farmers Market,http://www.ftwaynesfarmersmarket.com,https://www.facebook.com/ftwaynesfm,ftwaynesfm,Fort Wayne's Farmers Market,"Pintrest, Foursquare, Linkedin","110 East Wayne Street,",Fort Wayne,Allen,Indiana,46802,06/18/2015 to 09/17/2015,Thu: 11:00 AM-2:00 PM;,,,,,,,-85.139214,41.078235,,Y,N,N,N,N,N,,,,,,,,,,,,,,,,,,,,,,,,,,,,,,2/3/2015 3:28:33 PM
+1010805,Ft. Wayne's Farmers Market,http://ftwaynesfarmersmarket.com,https://www.facebook.com/ftwaynesfm,ftwaynesfm,Fort Wayne's Farmers Market,"Pintrest, Foursquare, Linkedin",1301 Ewing st,Fort Wayne ,Allen,Indiana,46805,10/01/2015 to 05/01/2016,Sat: 9:00 AM-1:00 PM;,,,,,,,-85.141431,41.074436,,Y,Y,Y,N,Y,Y,,,,,,,,,,,,,,,,,,,,,,,,,,,,,,2/3/2015 3:40:18 PM
+1004308,Ft. Wayne's Farmers Market - Parkview North Family Park,http://www.ftwaynesfarmersmarket.com/,https://www.facebook.com/ftwaynesfm,https://twitter.com/FWfarmersmarket,,,Parkview North Family Park,Fort Wayne,Allen,Indiana,46805,05/28/2013 to 08/27/2013,Tue: 2:00 PM-6:00 PM;,,,,,,,-85.096706,41.183632,Healthcare Institution,Y,N,N,N,N,Y,Y,Y,N,Y,Y,N,Y,Y,Y,Y,N,Y,N,N,Y,Y,Y,Y,N,N,N,N,N,N,N,N,N,N,N,6/27/2013 7:00:56 AM
+1006176,Fulton County Farmers Market,,,,,,"County Courthouse (Parking Lot, East Side)",Rochester,Fulton,Indiana,46975,05/10/2014 to 10/25/2014,Wed: 3:00 PM-6:00 PM;Sat: 8:00 AM-12:00 PM;,,,,,,,-86.2158331,41.0647645,,Y,N,Y,N,N,Y,Y,Y,Y,Y,Y,N,N,Y,Y,Y,Y,Y,N,Y,Y,N,N,Y,Y,N,N,N,Y,N,N,N,N,N,N,3/20/2015 4:31:25 PM
+1004663,Geist Farmers Market,http://www.GeistFarmersMarket.com,,,,,8115 Oaklandon Road,Indianapolis,Marion,Indiana,46236,May to September,Thu:2:30 PM - 6:30 PM;,,,,,,,-85.9564,39.9034,"Faith-based institution (e.g., church, mosque, synagogue, temple)",Y,Y,N,Y,N,Y,Y,Y,Y,Y,Y,N,N,Y,Y,Y,Y,Y,N,N,Y,Y,N,N,N,N,N,N,N,N,N,N,N,N,N,4/30/2012 8:04:46 PM
+1009230,Georgetown United Methodist Farmers' Market ,http://www.georgetownchristumc.org/eventcal.aspx,,,,,1618 Canal Lane,Georgetown,,Indiana,47122,,,,,,,,,-85.9661,38.297,,Y,N,N,N,N,-,,,,,,,,,,,,,,,,,,,,,,,,,,,,,,2013
+1010569,Goshen Farmers Market,http://www.goshenfarmersmarket.org,https://www.facebook.com/pages/Goshen-Farmers-Market/139366208479,https://twitter.com/GoshenFM,,,212 W. Washington St. Suite 1,Goshen,Elkhart,Indiana,46526,01/01/2014 to 12/31/2014,Sat: 8:00 AM-1:00 PM;,,,,,,,-85.8372550,41.5846360,,Y,N,Y,Y,Y,Y,Y,Y,Y,Y,Y,N,Y,Y,Y,Y,Y,Y,N,Y,Y,Y,Y,Y,N,N,Y,N,Y,N,Y,Y,Y,N,N,8/30/2014 10:36:29 AM
+1001997,Grace Point Farmers Market,,,,,,1155 North Main St.,Nappanee,Elkhart,Indiana,46550,,,,,,,,,-85.9979,41.4674,,N,N,N,N,N,-,,,,,,,,,,,,,,,,,,,,,,,,,,,,,,May  6 2010  8:52AM
+1010149,Granger Farmers Market,http://www.grangerfarmersmarket.com,https://www.facebook.com/grangerfarmersmarket,,,,12435 Adams Road,granger,St. Joseph,Indiana,46530,05/01/2014 to 09/01/2014,Tue: 2:00 PM-7:00 PM;Thu: 2:00 PM-7:00 PM;Sat: 8:00 AM-2:00 PM;,10/01/2014 to 04/01/2015,Tue: 2:00 PM-6:00 PM;Thu: 2:00 PM-6:00 PM;Sat: 8:00 AM-2:00 PM;,,,,,-86.1102024,41.7535321,Private business parking lot,Y,N,N,N,N,Y,Y,Y,Y,Y,Y,N,Y,Y,Y,N,Y,Y,N,Y,Y,Y,N,Y,N,N,Y,Y,Y,Y,Y,Y,N,N,Y,5/14/2014 2:15:46 PM
+1005461,Grant County Farmer's Market,,,,,,100 E Third St,Marion,Grant,Indiana,46952,06/07/2014 to 10/18/2014,Sat: 9:00 AM-2:00 PM;,,,,,,,-85.659113,40.558515,Local government building grounds,N,Y,N,Y,N,N,Y,N,N,N,N,N,N,Y,N,Y,N,N,N,N,Y,N,N,N,N,N,N,N,Y,N,N,N,N,N,N,6/7/2014 11:05:00 PM
+1005462,Grant County Farmer's Market,,,,,, 1028 E Main St,Gas City,Grant,Indiana,46933,06/18/2014 to 10/15/2014,Wed: 9:00 AM-2:00 PM;,,,,,,,-85.5946398,40.4877890,Private business parking lot,N,Y,N,Y,N,N,Y,N,N,N,Y,N,N,Y,N,Y,N,N,N,N,Y,N,N,N,N,N,N,N,Y,N,N,N,N,N,N,6/7/2014 11:01:30 PM
+1005463,Grant County Farmer's Market,,,,,, Main and Railroad St,Upland,Grant,Indiana,46989,06/20/2014 to 10/17/2014,Fri: 3:00 PM-;,,,,,,,-85.495520,40.474228,Other,N,N,N,N,N,N,Y,N,N,N,Y,N,N,Y,N,Y,Y,N,N,N,Y,N,N,Y,N,N,N,N,Y,N,N,N,N,N,N,6/7/2014 10:55:50 PM
+1000863,Greencastle Farmers' Market,,https://www.facebook.com/GreencastleFarmersMarket,,,,Indiana Street between Washington and Franklin Streets,Greencastle,Putnam,Indiana,46135,05/16/2015 to 10/31/2015,Sat: 8:00 AM-12:00 PM;,,,,,,,-86.864547,39.644176,,Y,Y,N,Y,Y,-,Y,N,Y,Y,Y,N,Y,Y,Y,Y,N,Y,N,N,Y,Y,Y,Y,Y,N,Y,N,Y,N,Y,N,Y,N,Y,3/19/2015 2:55:21 PM
+1000426,Greenfield Farmers Market,,,,,,Eastside of Courthouse,Greenfield,Hancock,Indiana,46140,,,,,,,,,-85.7559,39.7932,,N,N,N,N,N,-,,,,,,,,,,,,,,,,,,,,,,,,,,,,,,2009
+1011793,Greensburg/Decatur County Farmers' Market,http://www.mainstreetgreensburg.com/#!farmers-market/c16au,https://www.facebook.com/mainstreet.greensburg,,,,150 Courthouse Square,Greensburg,Decatur,Indiana,47240,05/13/2016 to 10/14/2016,Fri: 2:00 PM-6:00 PM;,,,,,,,-85.483491,39.336924,,Y,Y,N,Y,Y,Y,Y,Y,N,Y,Y,N,Y,Y,Y,Y,Y,Y,N,N,Y,Y,N,Y,N,N,N,N,Y,Y,N,N,N,N,N,3/2/2016 12:47:36 PM
+1008906,Greenwood Farmers Market,https://www.facebook.com/pages/Greenwood-Farmers-Market/85117929397,https://www.facebook.com/pages/Greenwood-Farmers-Market/85117929397,,,,525 N Madison,Greenwood,Johnson,Indiana,46143,05/09/2015 to 10/10/2015,Sat: 8:00 AM-12:00 PM;,,,,,,,-86.1121474,39.6219807,,Y,N,Y,N,N,N,Y,N,Y,Y,Y,Y,Y,Y,Y,Y,Y,Y,N,N,Y,Y,Y,Y,N,N,Y,N,Y,N,N,Y,Y,N,N,4/19/2015 3:47:33 PM
+1006141,Harrison County Farmers' Market,,https://www.facebook.com/harrisoncountyfarmersmarket,,,,1390 Old Hwy 135,Corydon,Harrison,Indiana,47112,04/26/2014 to 10/25/2014,Wed: 4:00 PM-7:00 PM;Sat: 8:00 AM-12:00 PM;,,,,,,,-86.129079,38.222370,"Faith-based institution (e.g., church, mosque, synagogue, temple)",N,Y,N,Y,N,N,Y,N,Y,N,Y,N,N,Y,Y,Y,N,Y,N,N,Y,N,N,Y,N,N,N,N,Y,N,N,N,N,N,N,5/13/2014 11:20:45 AM
+1002519,Harvest with a Heart,http://www.harvestwithaheart.org/,,,,,105 W. Emeline Street,Milford,,Indiana,46542,,,,,,,,,-85.8466,41.4087,,N,N,N,N,N,-,,,,,,,,,,,,,,,,,,,,,,,,,,,,,,2009
+1006735,Heart of Rushville's Farmers & Artisans Market,,https://www.facebook.com/pages/Heart-of-Rushville-Farmers-Artisans-Market/76838636745,,,,East Third and Main Sts.,Rushville,Rush,Indiana,46173,05/24/2014 to 10/11/2014,Sat: 9:00 AM-12:30 PM;,,,,,,,-85.4448113,39.6093314,Closed-off public street,N,N,N,N,N,-,Y,N,Y,Y,Y,N,Y,Y,Y,Y,N,N,N,N,Y,N,Y,Y,N,N,N,N,Y,N,N,N,N,N,N,4/1/2014 10:27:38 AM
+1001783,Henry County Farmers Market,,,,,,100 block of S Main Street,New Castle,Henry,Indiana,47632,,,,,,,,,-85.355,39.9705,,N,N,N,N,N,-,,,,,,,,,,,,,,,,,,,,,,,,,,,,,,Apr 26 2010  8:02AM
+1002469,Highland Street Market,http://www.highlandparks.org,www.facebook.com/highlandparks,,,,3001 Ridge Road,Highland,Lake,Indiana,46322,06/06/2015 to 10/17/2015,Sat: 9:00 AM-1:00 PM;,,,,,,,-87.456239,41.555176,,Y,Y,N,N,N,-,Y,Y,Y,N,N,N,Y,Y,Y,N,N,N,N,N,N,N,Y,Y,N,N,N,N,Y,N,N,N,Y,N,N,3/19/2015 12:30:12 PM
+1010421,Historic Lafayette Farmers Market,http://www.lafayettefarmersmarket.com,https://www.facebook.com/LafayetteFarmersMarket,,,,,Lafayette,Tippecanoe,Indiana,47902,05/03/2014 to 10/25/2014,Sat: 7:30 AM-12:30 PM;,,,,,,,-86.891895,40.417715,Closed-off public street,Y,N,Y,N,N,-,Y,Y,Y,Y,Y,N,Y,Y,Y,Y,N,N,N,N,Y,Y,Y,N,N,N,Y,N,Y,N,Y,N,N,N,N,8/5/2014 1:00:47 PM
+1010803,Historic Newburgh Farmers Market,http://newburghfarmersmarket.wordpress.com,facebook.com/newburghfarmersmarket,https://twitter.com/MarketNewburgh,,http://instagram.com/newburghfarmersmarket/,,Newburgh,Warrick,Indiana,47630,05/23/2015 to 09/26/2015,Sat: 8:00 AM-12:00 PM;,,,,,,,-87.405192,37.943980,,Y,N,N,N,N,Y,Y,Y,Y,Y,Y,N,Y,Y,Y,Y,N,Y,N,N,N,Y,N,Y,N,Y,Y,N,Y,N,N,N,Y,N,N,2/2/2015 9:05:20 PM
+1000634,Historic West Main Street Farmers Market,,https://www.facebook.com/mainstreetfarmmarket,https://twitter.com/west_main_st,westmainfarmersmarket ,Instagram:  main_street_market,1936 West Main Street,Fort Wayne,Allen,Indiana,46808,05/08/2015 to 10/16/2015,Fri: 3:00 PM-8:00 PM;,,,,,,,-85.1679,41.0787,,Y,Y,Y,Y,Y,Y,Y,Y,Y,Y,Y,N,Y,Y,Y,Y,Y,Y,N,Y,Y,N,Y,Y,Y,N,Y,N,Y,N,N,Y,Y,N,Y,3/24/2015 11:32:51 AM
+1002121,Hobart Summer Market on the Lake,http://www.cityofhobart.org,,,,,Festival Park - 111 E. Old Ridge Road,Hobart,Lake,Indiana,46342,06/05/2014 to 09/04/2014,Thu: 3:00 PM-8:00 PM;,,,,,,,-87.2586634,41.5369057,,Y,N,N,N,N,-,Y,N,Y,N,N,N,N,Y,Y,Y,N,N,N,N,Y,N,Y,Y,N,Y,N,N,Y,N,N,N,N,N,N,3/19/2015 11:16:57 AM
+1000963,Howe Farmers Market,,,,,,Town Park,Howe,Lagrange,Indiana,46746,,,,,,,,,-85.379,41.7227,,N,N,N,N,N,-,,,,,,,,,,,,,,,,,,,,,,,,,,,,,,2009
+1005290,Huntingburg Farmers Market,http://www.huntingburgchamberofcommerce.org,,,,,507 North Main Street,Huntingburg,Dubois,Indiana,47542,June to October,sun:7:30 AM - 11:30 AM;,,,,,,,-86.95513,38.29863,Other,N,N,N,N,N,-,Y,N,Y,Y,N,N,Y,Y,Y,Y,Y,Y,Y,Y,Y,N,Y,Y,Y,N,N,N,N,N,N,N,N,N,N,5/7/2012 11:01:26 AM
+1004889,Huntington WIC Market,,,,,,350 Hauenstein Rd,Huntington,Huntington,Indiana,46750,,,,,,,,,-85.5204,40.8955,Private business parking lot,N,Y,N,Y,N,N,,,,,,,,,,,,,,,,,,,,,,,,,,,,,,6/12/2013 8:25:31 PM
+1004011,Hurlock Farmers' and Watermen's Market,,,,,,7010 E. Raymond Street,Indianapolis,Decatur,Indiana,46239,,,,,,,,,-86.0437,39.7415,,N,N,N,N,N,-,,,,,,,,,,,,,,,,,,,,,,,,,,,,,,2009
+1006165,Indy Winter Farmers Market,http://www.indywinterfarmersmarket.org,https://www.facebook.com/IndyWFMkt,https://twitter.com/IndyWFMkt,,,"202 E Market St, West Wing",Indianapolis,Marion,Indiana,46204,11/09/2013 to 04/26/2014,Sat: 9:00 AM-12:30 PM;,,,,,,,-86.154066,39.768980,Other,Y,N,N,N,Y,Y,Y,Y,Y,Y,Y,Y,Y,Y,Y,Y,Y,Y,N,N,Y,Y,Y,Y,N,N,N,N,Y,N,N,N,N,N,N,4/13/2014 7:12:10 PM
+1003905,Irvington Farmers Market ,http://www.irvingtongardenclub.org,,,,,5301 E. St. Clair Street (East Side Indy),Indianapolis,Marion,Indiana,46219,06/08/2014 to 10/12/2014,Sun: 12:00 PM-3:00 PM;,,,,,,,-86.0782,39.7776,Local government building grounds,Y,Y,Y,N,Y,-,Y,Y,Y,Y,Y,N,Y,Y,Y,Y,N,Y,N,N,Y,Y,Y,Y,N,N,Y,N,Y,N,N,N,N,N,N,3/14/2014 9:08:19 PM
+1010627,JCC Farmers Market,http://www.jccindy.org,www.facebook.com/jccindianapolis,https://twitter.com/JCCIndianapolis,,@jccindianapolis,6701 Hoover Road,Indianapolis,Marion,Indiana,46260,01/01/2015 to 12/31/2015,Sun: 10:00 AM-1:00 PM;,,,,,,,-86.174004,39.879689,,Y,N,N,N,N,N,Y,N,N,N,N,Y,Y,Y,Y,Y,N,N,N,N,N,N,N,N,N,N,Y,N,Y,Y,N,N,N,N,N,5/14/2015 7:56:44 AM
+1004232,Jeffersonville Farmers Market,http://www.jeffmainstreet.org/events/farmers-market,,,,,Corner of Chestnut Street and Locust Street,Jeffersonville,Clark,Indiana,47130,06/01/2013 to 10/26/2013,Sat: 9:00 AM-12:00 PM;,,,,,,,-85.737895,38.272747,"Faith-based institution (e.g., church, mosque, synagogue, temple)",N,Y,N,Y,N,-,Y,N,Y,N,Y,N,Y,Y,Y,N,N,Y,N,N,Y,N,Y,Y,Y,N,N,N,Y,N,N,N,N,N,N,7/1/2013 2:43:44 PM
+1008803,Jeffersonville Farmers Market at Jeffersonville High School,,,,,,,Jeffersonville,Clark,Indiana,,,,,,,,,,-85.7151,38.3176,,Y,N,N,N,N,-,,,,,,,,,,,,,,,,,,,,,,,,,,,,,,7/1/2013 2:50:07 PM
+1004581,Jennings County Farmers Market,,,,,,North Vernon City Park,North Vernon,Jennings,Indiana,47265,,,,,,,,,-85.6389,39.013,,N,N,N,N,N,-,,,,,,,,,,,,,,,,,,,,,,,,,,,,,,2009
+1008334,Kendallville Main Street Farmer's Market,,https://www.facebook.com/#!/kendallvillefarmersmarket?fref=ts,,,,South Main Street in downtown Kendallville,Kendallville,Noble,Indiana,46755,06/06/2015 to 10/31/2015,Sat: 8:30 AM-1:00 PM;,,,,,,,-85.265532,41.443153,,Y,N,N,N,N,Y,Y,N,Y,Y,N,N,Y,Y,Y,Y,N,N,N,N,Y,N,Y,N,N,N,N,N,Y,N,N,N,N,N,N,3/19/2015 11:34:25 AM
+1001453,Knightstown Farmers' Market,,,,,,N Washington St,Knightstown,Rush,Indiana,46148,,,,,,,,,-85.5245,39.796,,N,N,N,N,N,-,,,,,,,,,,,,,,,,,,,,,,,,,,,,,,May 13 2010  8:30PM
+1002690,Knox Farmers Market,http://www.knoxfarmersmarket.org,,,,,1601 South Heaton Street,Knox,Starke,Indiana,46534,07/01/2014 to 10/29/2014,,,,,,,,-86.6206576,41.2826208,Other,N,Y,N,N,N,-,Y,Y,Y,Y,Y,N,Y,Y,Y,Y,Y,N,N,N,Y,N,N,Y,Y,N,N,Y,Y,N,N,N,N,N,N,3/14/2014 11:00:28 AM
+1010874,Kokomo Downtown Farmers' Market,http://www.kokomofarmersmarket.com,www.facebook.com/kokomofarmersmarket,,,www.instagram.com/kokomofarmersmarket,Intersection of Mulberry and Washington Streets,Kokomo,Howard,Indiana,46901,04/25/2015 to 10/10/2015,Sat: 9:00 AM-1:00 PM;,,,,,,,-86.133519,40.488463,,Y,Y,Y,Y,Y,N,Y,Y,Y,Y,Y,N,Y,Y,Y,Y,Y,Y,N,N,Y,Y,Y,Y,N,N,Y,N,Y,N,Y,Y,N,N,N,3/2/2015 2:29:34 PM
+1000183,"Kosciusko County Farmers' Market, LLC",,,,,,1400 Smith Street (Kosciusko County Fairgrounds),Warsaw,Kosciusko,Indiana,46580,May to October,Mon:2:30 pm - 5:00 pm;Wed:2:30 pm - 5:00 pm;Sat:8:00 am - 1:00 pm;,,,,,,,-85.8379,41.2322,Local government building grounds,N,N,N,N,N,Y,Y,N,Y,Y,N,N,Y,Y,Y,Y,Y,Y,N,N,Y,N,Y,Y,N,N,N,N,N,N,N,N,N,N,N,1/18/2012 4:25:43 PM
+1002576,LaGrange Community Farmers Market,,,,,,East Spring Street,LaGrange,LaGrange,Indiana,46761,,,,,,,,,-85.4141,41.644,,N,N,N,N,N,-,,,,,,,,,,,,,,,,,,,,,,,,,,,,,,2009
+1002552,LaPorte Farmers Market,,,,,,Downtown on State St. North of Courthouse,LaPorte,LaPorte,Indiana,46350,,,,,,,,,-86.7215,41.6111,,N,N,N,N,N,-,,,,,,,,,,,,,,,,,,,,,,,,,,,,,,2009
+1003560,Lawrenceburg Farmers Market,,,,,,Lawrenceburg Public Library,Milan,Ripley,Indiana,47031,,,,,,,,,-84.8498,39.0916,,N,N,N,N,N,-,,,,,,,,,,,,,,,,,,,,,,,,,,,,,,2009
+1010833,Linton Farmers' Market,http://lintonfarmersmarket.com,facebook.com/pages/Linton-Farmers-Market/165773460258379,,,,Highway 54,Linton,Greene,Indiana,,06/04/2016 to 09/24/2016,Sat: 9:00 AM-1:00 PM;,,,,,,,-87.148315,39.037665,,Y,Y,N,Y,Y,N,Y,N,N,Y,Y,N,Y,Y,Y,Y,N,N,N,N,Y,Y,Y,Y,N,N,Y,N,Y,N,N,Y,N,N,Y,2/5/2016 3:43:05 PM
+1001148,Logansport Farmers Market,,,,,,4th and Market Street,Logansport,Cass,Indiana,46947,06/01/2014 to 10/29/2014,Wed: 3:00 PM-6:00 PM;Sat: 8:00 AM-1:00 PM;,,Wed: 3:00 PM-6:00 PM;Sat: 8:00 AM-1:00 PM;,,,,,-86.365328,40.752621,Other,N,N,Y,Y,N,N,Y,N,N,N,Y,N,Y,Y,Y,N,Y,N,N,N,Y,Y,N,Y,N,N,N,N,Y,N,N,N,N,N,N,4/6/2014 2:11:15 PM
+1011068,Lowell Farmers Market,http://lowellfarmersmarket.webs.com/,https://www.facebook.com/CommunityEvent2013,,,,8402 W 159th Ave,Lowell,Lake,Indiana,46356,,Sat: 9:00 AM-2:00 PM;,,,,,,,-87.421560,41.291407,,Y,N,N,N,N,-,Y,N,Y,Y,Y,N,Y,Y,Y,Y,N,Y,N,N,Y,Y,Y,Y,N,N,Y,N,Y,N,N,N,N,N,N,4/23/2015 11:48:43 AM
+1002705,Madison Farmers Market,http://www.madisonindianafarmersmarket.com,,,,,Main & Broadway Streets,Broadway Fountain,Jefferson,Indiana,47250,April to October,Tue:6:00 am - 1:00 pm;Thu:6:00 am - 1:00 pm;Sat:6:00 am - 1:00 pm;,,,,,,,-85.3831,38.7369,Local government building grounds,N,Y,N,Y,N,N,Y,N,Y,Y,N,N,Y,Y,Y,Y,Y,Y,N,N,Y,N,Y,Y,N,N,N,N,N,N,N,N,N,N,N,4/13/2011 4:29:23 PM
+1010360,Marian University Farmers' Market at the Indy Cycloplex,http://marian.edu/marian-university-farmers'-market,,,,,3649 Cold Spring Road,Indianapolis,Marion,Indiana,46222,07/10/2014 to 09/25/2014,Thu: 5:00 PM-8:00 PM;,,,,,,,-86.200018,39.820815,Other,Y,N,N,N,Y,Y,Y,N,N,N,N,N,N,Y,Y,N,N,N,N,N,N,N,N,Y,N,N,Y,N,Y,Y,N,N,N,N,N,7/25/2014 2:13:29 AM
+1008040,Marion Open Air Market,,https://www.facebook.com/MarionsOpenAirMarket,,,,1500 S. Western Ave.,Marion,Grant,Indiana,46953,05/03/2014 to 09/26/2014,Sat: 8:00 AM-1:00 PM;,,,,,,,-85.676091,40.546438,Private business parking lot,Y,N,N,N,N,-,Y,N,Y,Y,Y,N,Y,Y,N,Y,N,N,N,N,Y,Y,Y,Y,N,N,Y,N,Y,N,N,N,N,N,N,4/23/2014 11:10:30 PM
+1005368,Mark's Farm Market & Greenhouses,http://www.marksfarmmarket.com,,,,,4374 W US Hwy 20,LaPorte,LaPorte,Indiana,46350,April to December,Mon:9:00 am - 6:00 pm;Tue:9:00 am - 6:00 pm;Wed:9:00 am - 6:00 pm;Thu:9:00 am - 6:00 pm;Fri:9:00 am - 6:00 pm;Sat:9:00 am - 6:00 pm;sun:10:00 am - 5:00 pm;,,,,,,,-86.7849,41.6903,"On a farm from: a barn, a greenhouse, a tent, a stand, etc",N,Y,Y,Y,N,N,N,N,N,Y,N,N,N,Y,Y,N,N,N,N,N,Y,N,N,N,N,N,N,N,N,N,N,N,N,N,N,1/18/2012 4:26:47 PM
+1011150,Market on the Square,,https://www.facebook.com/mainstreetversailles?fref=ts,,https://www.youtube.com/channel/UCAoevD3wq359ZD-WScynkCg,https://plus.google.com/u/0/b/116916898656470707316/116916898656470707316/posts ,Main Street and 1st North St,Versailles ,Ripley,Indiana,47042,05/23/2015 to 09/19/2015,Sat: 8:00 AM-12:00 PM;,,,,,,,-85.251670,39.072279,,Y,Y,N,Y,Y,-,Y,N,Y,Y,Y,N,Y,Y,Y,Y,Y,Y,N,N,Y,N,Y,Y,Y,N,Y,N,Y,Y,N,Y,N,N,Y,10/1/2015 10:42:44 AM
+1009156,Marketplace at Westfield ,http://www.localharvest.org/marketplace-at-westfield-M30913,https://www.facebook.com/events/113817195494487/,,,,3333 East State Rd.,Westfield,,Indiana,46074,,,,,,,,,-86.1281,40.1388,,Y,N,N,N,N,-,,,,,,,,,,,,,,,,,,,,,,,,,,,,,,2013
+1000939,Markleville Farmers Market,,https://www.facebook.com/pages/Markleville-Farmers-Market/122632817748753,,,,St. Rd. 38....1 mile east of St. Rd. 109,Markleville,Madison,Indiana,46056,06/07/2014 to 10/11/2014,Sat: 9:00 AM-12:00 PM;,,,,,,,-85.618732,39.978019,Local government building grounds,N,N,N,N,N,-,Y,Y,Y,Y,Y,N,Y,Y,Y,Y,N,N,N,N,Y,N,N,Y,N,N,N,N,Y,N,N,N,N,N,Y,3/19/2014 11:57:53 AM
+1003199,Matthys Farm Market,http://www.matthysfarmmarket.com,Matthys farm market,,,,57754 Crumstown Hwy,South Bend,St. Joseph,Indiana,46619,01/01/2015 to 12/31/2015,Mon: 8:30 AM-6:00 PM;Tue: 8:30 AM-6:00 PM;Wed: 8:30 AM-6:00 PM;Thu: 8:30 AM-6:00 PM;Fri: 8:30 AM-6:00 PM;Sat: 8:30 AM-6:00 PM;Sun: 12:00 PM-4:00 PM;,,,,,,,-86.35873,41.65516,,Y,N,N,N,N,-,N,N,Y,N,N,N,N,Y,Y,Y,Y,N,N,N,Y,N,N,N,Y,N,N,N,Y,N,N,N,N,N,N,3/22/2015 12:21:58 PM
+1001253,Michigan City Farmers Market,,,,,,8th & Washington Streets,Michigan City,LaPorte,Indiana,46360,,,,,,,,,-86.9016,41.7135,,N,N,N,N,N,-,,,,,,,,,,,,,,,,,,,,,,,,,,,,,,2009
+1011016,Miller Beach Farmers Market,http://www.millerbeacharts.org,https://www.facebook.com/MillerMarket,@millerbeachmkt,,,667 S Lake Street,Gary,Lake,Indiana,46403,05/03/2015 to 09/27/2015,Sun: 10:00 AM-3:00 PM;,,,,,,,-87.2664897,41.5982684,,Y,N,N,N,Y,-,Y,Y,Y,Y,Y,N,Y,Y,Y,Y,N,N,N,N,Y,N,Y,Y,Y,N,Y,N,Y,N,Y,N,Y,N,Y,4/8/2015 3:49:44 PM
+1000688,Minnetrista's Farmers Market,http://www.minnetrista.net,,,,,1200 n Minnetrista Parkway,Muncie,Delaware,Indiana,47303,January to December,Wed:3:30 pm - 5:30 pm;Sat:8:00 am - 12:00 pm;,,,,,,,-85.3969,40.2275,Private business parking lot,N,Y,N,N,N,-,Y,Y,N,Y,N,N,Y,Y,Y,Y,Y,Y,N,N,Y,N,Y,Y,N,N,N,N,N,N,N,N,N,N,N,2/21/2012 4:22:27 PM
+1001074,Morgan County Farmers' Market Association,,https://www.facebook.com/MorganCountyFarmersMarket,,,,Indiana & Main St.,Mooresville,Morgan,Indiana,46158,05/07/2014 to 10/01/2014,Wed: 3:00 PM-7:00 PM;,,,,,,,-86.3748961,39.6127697,Private business parking lot,Y,Y,N,Y,N,-,Y,N,Y,Y,Y,N,Y,Y,Y,N,Y,N,N,Y,Y,N,Y,Y,N,N,N,N,Y,N,N,N,N,N,N,3/19/2014 10:56:08 AM
+1001075,Morgan County Farmers' Market Association,,https://www.facebook.com/MorganCountyFarmersMarket,,,,Morgan St. and Main St.,Martinsville,Morgan,Indiana,46151,05/10/2014 to 10/04/2014,Sat: 9:00 AM-1:00 PM;,12/13/2014 to 12/13/2014,Sat: 9:00 AM-1:00 PM;,,,,,-86.3748961,39.6127697,Local government building grounds,Y,Y,N,Y,N,-,Y,Y,Y,Y,Y,N,Y,Y,Y,N,Y,Y,N,N,Y,N,Y,Y,Y,N,N,N,Y,N,N,N,N,N,N,3/19/2014 11:00:07 AM
+1003251,Mt. Vernon Farmers Market,http://www3.ag.purdue.edu/counties/posey/Pages/MtVernonFarmers%27Market.aspx,https://www.facebook.com/pages/Mt-Vernon-Farmers-Market-in-SW-Indiana/111089392250491,,,,1006 E. Fourth St.,Mt. Vernon,Posey,Indiana,47620,06/10/2014 to 09/09/2014,Tue: 2:00 PM-6:00 PM;,,,,,,,-87.884274,37.934822,Private business parking lot,Y,Y,N,Y,Y,-,Y,N,N,N,N,N,N,Y,N,Y,N,N,N,Y,Y,N,N,Y,N,N,N,N,Y,N,N,N,N,N,N,3/27/2014 12:36:48 PM
+1009024,Munster Farmer's Market,http://www.munster.org/department/division.php?fDD=6-177,https://www.facebook.com/munster.parks1,,,,1005 N Centennial Drive,Munster,Lake,Indiana,46321,05/04/2014 to 09/28/2014,Sun: 8:00 AM-1:00 PM;,,,,,,,-87.505723,41.536804,Local government building grounds,N,N,N,N,N,N,Y,Y,Y,N,N,N,N,Y,Y,Y,N,Y,N,N,Y,Y,Y,Y,N,N,N,N,N,N,N,N,N,N,N,12/26/2013 4:45:46 PM
+1005489,New Albany Farmers Market,http://www.newalbanyfarmersmarket.com,https://www.facebook.com/pages/New-Albany-Farmers-Market/217753735295,,,,202 E. Market,New Albany,Floyd,Indiana,47150,05/10/2014 to 10/25/2014,Tue: 11:00 AM-2:00 PM;Wed: 4:00 PM-7:00 PM;Sat: 8:00 AM-1:00 PM;,11/01/2014 to 04/25/2015,Sat: 10:00 AM-12:00 PM;,,,,,-85.82095,38.28495,Local government building grounds,Y,Y,Y,Y,N,Y,Y,Y,Y,Y,Y,N,Y,Y,Y,Y,Y,Y,N,Y,Y,Y,Y,Y,Y,Y,Y,Y,Y,Y,Y,Y,Y,N,Y,3/31/2014 5:13:43 PM
+1000584,New Castle Farmers Market,,,,,,Library parking lot,New Castle,Fulton,Indiana,47362,,,,,,,,,-85.7457,40.0025,,N,N,N,N,N,-,,,,,,,,,,,,,,,,,,,,,,,,,,,,,,2009
+1007394,New Harmony Farmers Market,,,,,,North end of Main St.,New Harmony,Posey,Indiana,,,,,,,,,,-87.5314,38.6804,,N,N,N,N,N,-,,,,,,,,,,,,,,,,,,,,,,,,,,,,,,2009
+1002199,Noblesville Farmers Market,,,,,,City Hall parking lot,Noblesville,Hamilton,Indiana,46060,,,,,,,,,-86.0157,40.0504,,N,N,N,N,N,-,,,,,,,,,,,,,,,,,,,,,,,,,,,,,,2009
+1003578,North Manchester Farmers' Market,,https://www.facebook.com/groups/325141357105/,,,,500 East Main Street,North Manchester,Wabash,Indiana,46962,05/02/2015 to 10/31/2015,Wed: 4:00 PM-6:30 PM;Sat: 8:00 AM-12:00 PM;,,,,,,,-85.764052,40.999512,,Y,Y,Y,Y,N,-,Y,N,Y,Y,Y,N,Y,Y,Y,Y,Y,Y,N,N,Y,Y,Y,Y,Y,N,Y,N,Y,N,Y,N,N,N,N,3/24/2015 2:26:21 PM
+1005042,Orange County HomeGrown Farmers Markets - Orleans,http://www.orangecountyhomegrown.org,https://www.facebook.com/OrangeCountyHomeGrown,,http://www.youtube.com/watch?v=e1FpjB7USSQ,,South side of Congress Square,Orleans,Orange,Indiana,47452,05/17/2014 to 10/25/2014,Sat: 8:00 AM-12:00 PM;,,,,,,,-86.4683210,38.5561663,Closed-off public street,Y,Y,Y,Y,Y,Y,Y,N,Y,Y,Y,N,Y,Y,Y,Y,Y,Y,N,Y,Y,Y,N,Y,Y,N,Y,N,Y,N,N,N,N,N,N,3/14/2014 11:44:42 PM
+1005043,Orange County HomeGrown Farmers Markets - Paoli,http://www.orangecountyhomegrown.org,https://www.facebook.com/OrangeCountyHomeGrown,,http://www.youtube.com/watch?v=e1FpjB7USSQ,,"Hwy 37, Front Parking lot of Walmart",Paoli,Orange,Indiana,47454,06/05/2014 to 09/25/2014,Thu: 2:00 PM-6:00 PM;,,,,,,,-86.4683210,38.5561663,Private business parking lot,Y,Y,Y,Y,Y,Y,Y,N,Y,Y,Y,N,Y,Y,Y,Y,Y,Y,N,N,Y,Y,Y,Y,N,N,Y,N,Y,N,N,N,N,N,N,3/14/2014 11:44:01 PM
+1005041,Orange County HomeGrown Farmers Markets - Valley,http://www.orangecountyhomegrown.org,https://www.facebook.com/OrangeCountyHomeGrown,,http://www.youtube.com/watch?v=e1FpjB7USSQ,, By The Railway Museum along Hwy 56,French Lick,Orange,Indiana,47432,05/20/2014 to 09/30/2014,Tue: 1:30 PM-5:00 PM;,,,,,,,-86.4683210,38.5561663,Private business parking lot,Y,Y,Y,Y,Y,-,Y,N,Y,Y,Y,N,Y,Y,N,Y,Y,N,N,N,Y,N,Y,Y,N,N,Y,N,Y,N,N,N,N,N,N,3/14/2014 11:42:25 PM
+1005421,Original Farmers' Market at Indianapolis City Market,http://www.indycm.com,,,,,222 E. Market Street,Indianapolis,Marion,Indiana,46204,May to October,Wed:9:30 AM - 1:30 PM;,,,,,,,-86.1535,39.76882,Closed-off public street,Y,Y,Y,Y,Y,Y,Y,Y,Y,Y,Y,N,Y,Y,Y,Y,Y,Y,Y,Y,Y,Y,Y,Y,N,Y,N,N,N,N,N,N,N,N,N,4/26/2012 2:26:14 PM
+1008048,Owen County Farmers' Market,http://www.owencountyfarmersmarket.com/,https://www.facebook.com/owencountyfarmersmarket,,,,459 W Morgan St,Spencer,Owen,Indiana,47460,05/03/2014 to 10/11/2014,Sat: 8:30 AM-12:30 PM;,05/04/2013 to 10/19/2013,Sat: 8:00 AM-12:00 PM;,,,,,-86.768538,39.287153,,Y,Y,Y,Y,Y,N,Y,N,Y,Y,Y,N,Y,Y,Y,Y,Y,Y,N,Y,Y,N,Y,Y,N,N,Y,N,Y,Y,N,N,N,N,N,2/20/2015 9:19:55 AM
+1001228,Pendleton Farmers Market,,,,,,Depot Park,Pendleton,Madison,Indiana,46064,,,,,,,,,-85.7515,39.996,,N,N,N,N,N,-,,,,,,,,,,,,,,,,,,,,,,,,,,,,,,2009
+1002289,Pike County Farmers Market Association,http://pikecomarket.com/,https://www.facebook.com/groups/prfarmersmarket/?fref=ts,,,,1008 Maple Street,Petersburg,Pike,Indiana,47567,06/07/2014 to 10/04/2014,Sat: 9:00 AM-12:00 PM;,,,,,,,-87.2749235,38.4900330,Local government building grounds,Y,Y,N,N,Y,Y,Y,Y,Y,Y,Y,N,Y,Y,Y,Y,Y,Y,N,Y,Y,Y,Y,Y,Y,N,N,N,Y,N,N,N,N,N,N,3/24/2014 11:43:14 AM
+1004376,Pittsboro Farmers Market,http://www.pittsborofarmersmarket.blogspot.com,https://www.facebook.com/pittsboro.farmers.market,,,,"Scamahorn Park, Main Street",Pittsboro,Hendricks,Indiana,46167,07/06/2013 to 08/31/2013,Sat: 9:00 AM-11:00 AM;,06/29/2013 to ,,,,,,-86.4862817,39.8680142,Local government building grounds,N,Y,Y,N,N,Y,Y,N,Y,N,N,N,N,Y,Y,Y,N,N,N,N,N,N,N,N,N,N,N,N,Y,N,N,N,N,N,N,4/1/2014 10:46:17 AM
+1011593,Plainfield Chamber of Commerce Farmers' Market,http://www.plainfield-in.com/farmers-market.html,https://www.facebook.com/PlainfieldChamberFarmersMarket,https://twitter.com/,,,105 S. East Street,Plainfield ,Hendricks,Indiana,46158,06/03/2015 to 09/30/2015,Wed: 4:00 PM-7:00 PM;,,,,,,,-86.4005705,39.7028141,,Y,N,Y,Y,N,-,Y,Y,Y,Y,Y,N,Y,Y,Y,Y,Y,Y,N,N,Y,N,Y,Y,N,N,Y,N,Y,N,N,N,Y,N,N,7/30/2015 2:24:55 PM
+1004602,Plymouth Farmers Market,http://www.plymouthfarmersmarket.com,https://www.facebook.com/pages/Plymouth-Farmers-Market-Inc/136145306459265,,,,Garro St.,Plymouth,Marshall,Indiana,46563,05/09/2015 to 10/10/2015,Sat: 7:30 AM-11:30 AM;,,,,,,,-86.307620,41.340521,,Y,N,Y,Y,Y,Y,Y,Y,N,Y,Y,N,Y,Y,Y,Y,Y,Y,N,N,Y,N,N,Y,Y,N,N,N,Y,N,N,N,N,N,N,3/24/2015 10:08:07 AM
+1002209,Portage Community Farmer's Market,http://www.ci.portage.in.us/parks,,,,,6300 South Founders Square Park,Portage,Porter,Indiana,46368,,Sun: 11:00 AM-3:00 PM;,,,,,,,-87.1713960,41.5775797,Local government building grounds,Y,Y,N,N,N,Y,Y,N,Y,Y,N,N,Y,Y,Y,Y,N,N,N,N,Y,N,Y,Y,N,N,N,N,Y,N,N,N,N,N,N,6/26/2013 5:29:16 PM
+1003192,Portland Farmers Market I,,,,,,Courthouse Square,Portland,Jay,Indiana,47371,,,,,,,,,-84.976,40.4225,,N,N,N,N,N,-,,,,,,,,,,,,,,,,,,,,,,,,,,,,,,2009
+1003191,Portland Farmers Market II,,,,,,Water & Ship Streets,Portland,Jay,Indiana,47371,,,,,,,,,-84.9805,40.4324,,N,N,N,N,N,-,,,,,,,,,,,,,,,,,,,,,,,,,,,,,,2009
+1005503,Princeton Farmers Market,,,,,,Corner of Brumfield and Embree,Princeton,Gibson,Indiana,47670,,,,,,,,,-87.5757,38.3589,,N,N,N,N,N,-,,,,,,,,,,,,,,,,,,,,,,,,,,,,,,2009
+1010384,Purdue Farmers Market,http://www.purdue.edu/sustainability/initiatives/food/farmersmarket.html,https://www.facebook.com/PurdueSustainability,https://twitter.com/SustainPurdue,,,Oval Dr,West Lafayette,Tippecanoe,Indiana,47907,05/01/2014 to 10/30/2014,Thu: 11:00 AM-3:00 PM;,,,,,,,-86.914239,40.425830,Educational institution,Y,N,N,N,N,-,Y,Y,Y,Y,Y,N,Y,Y,Y,Y,Y,Y,N,N,Y,Y,Y,Y,N,N,Y,Y,Y,Y,Y,Y,N,Y,Y,8/4/2014 12:33:56 PM
+1001442,Purple Porch Co-op,http://www.purpleporchcoop.com,https://www.facebook.com/PurplePorchCoop,https://twitter.com/purpleporchcoop,www.youtube.com/watch?v=Vp0mLPeWe4M,,123 N. Hill St.,South Bend,St. Joseph,Indiana,46617,,Wed: 5:00 PM-7:00 PM;,06/06/2015 to 10/31/2015,Wed: 5:00 PM-7:00 PM;Sat: 8:00 AM-12:00 PM;,,,,,-86.2428794,41.6767599,,Y,Y,N,N,Y,Y,Y,Y,N,Y,Y,N,Y,Y,Y,Y,Y,Y,N,N,Y,Y,Y,Y,N,N,N,N,Y,N,N,N,N,N,N,3/19/2015 11:57:24 AM
+1000932,Putnam County Farmers Market,,,,,,Robe Ann Park Shelter #2,Greencastle,Putnam,Indiana,46135,,,,,,,,,-86.8664,39.6473,,N,N,N,N,N,-,,,,,,,,,,,,,,,,,,,,,,,,,,,,,,2009
+1005925,Remington Farmers Market,http://www.remingtonindiana.com,,,,,36 S. Ohio St.,Remington,Jasper,Indiana,47977,June to October,Sat:7:30 am - 11:30 am;,,,,,,,-87.1514,40.76,Closed-off public street,N,N,N,N,N,-,Y,N,Y,N,N,N,N,Y,N,N,N,N,N,N,Y,N,N,N,N,N,N,N,N,N,N,N,N,N,N,6/1/2011 3:17:46 PM
+1009020,Rensselaer Farmers Market,,https://www.facebook.com/pages/Rensselaer-Farmers-Market/120400308005878,,,,110 W Harrison St.,Rensselaer,Jasper,Indiana,47978,05/03/2014 to 10/25/2014,Sat: 7:30 AM-11:30 AM;,07/01/2014 to 09/01/2014,Tue: 4:00 PM-6:00 PM;,,,,,-87.1501069,40.9356403,Local government building grounds,N,N,N,N,N,N,Y,N,Y,N,Y,N,Y,Y,N,N,N,Y,N,N,Y,N,Y,N,N,N,N,N,Y,N,N,N,N,N,N,3/15/2014 1:04:54 AM
+1007241,Richmond Farmers Market,,,,,,N 'A & N 7th Streets,Richmond,Wayne,Indiana,47374,,,,,,,,,-84.8927,39.8306,,N,N,N,N,N,-,,,,,,,,,,,,,,,,,,,,,,,,,,,,,,2009
+1000885,Rising Sun Farmers Market,,,,,,Main & Walnut Streets,Rising Sun,Ohio,Indiana,47040,,,,,,,,,-84.854,38.9491,,N,N,N,N,N,-,,,,,,,,,,,,,,,,,,,,,,,,,,,,,,2009
+1009335,Riverside Market,,https://www.facebook.com/pages/Riverside-Market/237954816242?id=237954816242&sk=info,,,,234 East 2nd Street,Michigan City,,Indiana,46360,,,,,,,,,-86.9012,41.7214,,Y,N,N,N,N,-,,,,,,,,,,,,,,,,,,,,,,,,,,,,,,2013
+1007545,Rockville Produce Auction LLC,,,,,,3300 North 400E,Rockville 47872,Parke County,Indiana,,,,,,,,,,-87.1625,39.8155,,N,N,N,N,N,-,,,,,,,,,,,,,,,,,,,,,,,,,,,,,,2011
+1001811,Sagamore West Farmers Market,http://www.westlafayette.in.gov/farmersmarket,,,,,Cumberland Park,West Lafayette,Tippecanoe,Indiana,47906,May to October,Wed:3:00 pm - 6:30 pm;,,,,,,,-86.9136,40.4445,Private business parking lot,N,Y,Y,Y,N,-,Y,Y,Y,Y,N,N,Y,Y,Y,Y,Y,Y,N,N,Y,N,Y,Y,N,N,N,N,N,N,N,N,N,N,N,5/26/2011 6:36:17 PM
+1009260,Salomon Spring Market & Salomon Farmers' Market ,http://www.localharvest.org/salomon-spring-market-salomon-farmers-market-M9227,,,,,817 W. Dupont Rd,Fort Wayne,,Indiana,46825,,,,,,,,,-85.1522,41.1754,,Y,N,N,N,N,-,,,,,,,,,,,,,,,,,,,,,,,,,,,,,,2013
+1009257,Saxony Market ,http://www.saxony-indiana.com/market.html,,,,,13578 E. 131st Street,Fishers,,Indiana,46037,,,,,,,,,-85.9221,39.9821,,Y,N,N,N,N,-,,,,,,,,,,,,,,,,,,,,,,,,,,,,,,2013
+1000935,Schererville Farmer's Market,http://www.schererville.org,,,,,217 Gregory Street,Schererville,Lake,Indiana,46375,May to September,Thu:3:00 PM - 8:00 PM;,,,,,,,-87.445743,41.489019,Closed-off public street,N,N,N,N,N,Y,Y,Y,Y,N,Y,N,Y,Y,Y,Y,N,N,Y,N,Y,N,Y,Y,N,Y,N,N,N,N,N,N,N,N,N,5/30/2012 4:34:27 PM
+1000422,Scott County Farmers Market,,,,,,"90 Main Street, Old Train Depot known as the Heritage Station",Scottsburg,Scott,Indiana,47170,05/17/2014 to 10/25/2014,Sat: 8:00 AM-12:00 PM;,,,,,,,-85.7702451,38.6856140,Local government building grounds,N,Y,N,Y,N,-,Y,N,Y,Y,Y,N,Y,Y,Y,Y,Y,N,N,Y,Y,N,Y,Y,Y,N,N,Y,Y,N,Y,N,N,N,N,3/31/2014 5:32:31 PM
+1000193,Shelby County Farmers Market,http://www.mainstreetshelbyville.org,,,,,Public Square,Shelbyville,Shelby,Indiana,46176,May to October,Wed:4:00 PM - 7:00 PM;Sat:8:00 AM - 12:00 PM;,,,,,,,-85.77702,39.5245,Closed-off public street,N,Y,N,Y,Y,-,Y,Y,Y,Y,Y,N,Y,Y,Y,Y,Y,Y,Y,Y,Y,Y,N,Y,Y,N,N,N,N,N,N,N,N,N,N,5/2/2012 8:23:54 AM
+1001350,South Bend Farmers Market,,,,,,1105 Northside Blvd.,South Bend,St. Joseph,Indiana,46615,,,,,,,,,-86.2098,41.6746,,N,N,N,N,N,-,,,,,,,,,,,,,,,,,,,,,,,,,,,,,,2009
+1005849,South Milford Farmers Market,,,,,,7850 W. 750 S.,South Milford,LaGrange,Indiana,46786,05/24/2014 to 09/27/2014,Sat: 8:00 AM-12:00 PM;,,,,,,,-85.272441,41.533800,Local government building grounds,N,N,N,N,N,-,Y,N,Y,N,Y,N,N,Y,N,Y,N,N,N,N,Y,N,N,N,N,N,N,N,Y,N,N,N,N,N,N,3/18/2014 6:16:40 PM
+1002484,South Side Farmers Market,http://www.Southsidefarmersmarket.com,,,,,3300 Warsaw St.,Fort Wayne,Allen,Indiana,46807,04/04/2015 to 12/19/2015,Sat: 7:00 AM-1:00 PM;,,,,,,,-85.1302239,41.0548885,,Y,Y,N,Y,N,-,Y,Y,Y,Y,Y,N,Y,Y,Y,Y,N,Y,N,N,Y,Y,Y,Y,N,N,Y,N,Y,N,N,N,N,N,N,5/6/2015 4:44:30 PM
+1011320,Southport Farmers Market,,Http://.www.facebook.com/southportfarmersmarket/,,,,2810 E Southport Road,Southport ,Marion,Indiana,46227,05/12/2015 to 10/01/2015,Tue: 10:00 AM-2:00 PM;Thu: 3:00 PM-6:30 PM;,,,,,,,-86.1153540,39.6653499,,Y,N,N,N,N,Y,Y,Y,Y,N,Y,N,N,Y,Y,N,Y,N,N,N,N,Y,Y,N,N,N,N,N,Y,N,N,N,N,N,N,7/10/2015 7:21:20 AM
+1011321,Southside Farmers Market,http://www.southsidefarmmarket.com,,,,,7031 S East Street,Indianapolis,Marion,Indiana,46227,,Wed: 4:00 PM-7:00 PM;Fri: 4:00 PM-7:00 PM;,,,,,,,-86.1472616,39.6632900,,Y,N,N,N,N,Y,Y,N,Y,Y,Y,N,N,Y,Y,N,Y,N,N,N,Y,N,N,N,N,N,Y,N,Y,N,N,N,N,N,N,7/10/2015 7:31:57 AM
+1004893,St. Mary's Market Days,http://www.stmarys.org,,,,,3700 Washington Avenue,Evansville,Vanderburgh,Indiana,47750,June to September,Thu:8:30 AM - 1:00 PM;,,,,,,,-87.50396,37.96362,Healthcare Institution,Y,N,N,N,N,Y,Y,Y,Y,Y,N,N,Y,Y,Y,N,Y,N,N,N,Y,N,N,Y,N,N,N,N,N,N,N,N,N,N,N,4/30/2012 3:41:06 PM
+1009337,Stadium Village Farmers Market ,,https://www.facebook.com/StadiumVillageMarket,,,,801 South Meridian Street,Indianapolis,,Indiana,46225,,,,,,,,,-86.1589,39.7564,,Y,N,N,N,N,-,,,,,,,,,,,,,,,,,,,,,,,,,,,,,,2013
+1010401,Statehouse Market,http://www.statehousemarket.com/,https://www.facebook.com/StatehouseMarket,https://twitter.com/statehousemkt/,https://www.youtube.com/channel/UCa4gS6Hm3Cp9I3YSaxzoAow,,Robert D. Orr Plaza,"Indianapolis,",Marion,Indiana,46204,,Thu: 10:30 AM-1:30 PM;,,,,,,,-86.1653813,39.7686865,Local government building grounds,N,N,N,N,N,Y,Y,Y,N,Y,Y,N,Y,Y,Y,Y,N,N,N,N,N,Y,Y,N,N,N,N,N,Y,N,N,N,N,N,N,8/5/2014 10:19:46 AM
+1010480,Steuben County Farmers' Market,,Steuben County Farmers' Market,,,,317 S. Wayne St. ,Angola ,Steuben,Indiana,46703,,Sat: 8:00 AM-12:00 PM;,,,,,,,-84.9987913,41.6320966,Federal/State government building grounds,N,Y,Y,Y,Y,-,Y,N,Y,Y,Y,N,Y,Y,Y,Y,Y,N,N,N,Y,N,N,Y,Y,N,Y,N,Y,N,N,N,N,N,N,8/11/2014 6:17:14 PM
+1009256,Sweeney's Sweet Corn and Farm Market ,http://www.sweeneysweetcorn.com/,https://www.facebook.com/SweeneysSweetCorn,,,,887 E. Schoolhouse Rd,Kendallville,,Indiana,46755,,,,,,,,,-85.2545,41.4825,,Y,N,N,N,N,-,,,,,,,,,,,,,,,,,,,,,,,,,,,,,,2013
+1009087,Switzerland County Farmers and Artisans Marketplace ,,https://www.facebook.com/pages/Switzerland-County-Farmers-and-Artisans-Marketplace/649252595102544,,,,7110 Innovation Drive,Florence ,Switzerland,Indiana,47020,03/15/2013 to 11/23/2013,Sat: 8:00 AM-1:00 PM;,,,,,,,-84.958918,38.786625,Local government building grounds,Y,Y,N,N,N,N,Y,N,Y,Y,N,N,Y,Y,Y,Y,N,N,N,N,Y,N,Y,Y,Y,N,N,N,Y,N,N,N,N,N,N,3/17/2014 2:38:34 PM
+1000359,Switzerland County Farmers Market,,,,,,Courthouse Square on Main,Vevay,Switzerland,Indiana,47043,,,,,,,,,-84.8522,39.0906,,N,N,N,N,N,-,,,,,,,,,,,,,,,,,,,,,,,,,,,,,,2009
+1010761,Syracuse Artisans and Farmers Market,http://www.syracusefarmersmarket.org,www.facebook.com/syracusefarmersmarket,,,,303 W. Henry St.,Syracuse,Kosciusko,Indiana,46567,05/09/2015 to 10/10/2015,Wed: 4:00 PM-7:00 PM;Sat: 9:00 AM-2:00 PM;,,,,,,,-85.7502941,41.4248366,,Y,N,N,N,N,Y,Y,N,Y,Y,Y,N,Y,N,Y,Y,Y,Y,N,Y,Y,Y,Y,Y,N,N,N,N,Y,N,N,N,N,N,N,1/7/2015 9:26:21 AM
+1007414,Tell City Farmers Market I,,,,,,Twilight Towers,Tell City,Perry,Indiana,,,,,,,,,,-86.7376,37.9141,,N,N,N,N,N,-,,,,,,,,,,,,,,,,,,,,,,,,,,,,,,2009
+1000229,The Convivium,,https://www.facebook.com/pages/The-Convivium/361569286162,,,,State Rd 1,Leo,Allen,Indiana,46765,June to August,Sat:9:00 AM - 1:00 PM;,,,,,,,-85.007583,41.229217,"Faith-based institution (e.g., church, mosque, synagogue, temple)",Y,Y,N,Y,Y,-,Y,N,N,Y,N,N,Y,Y,Y,N,Y,N,Y,N,N,N,N,Y,N,N,N,N,N,N,N,N,N,N,N,5/1/2012 8:21:49 AM
+1009503,The Green Market at Walhill Farm,http://www.walhillfarm.com,https://www.facebook.com/WalhillFarm,,,,857 Six Pine Ranch Road,Batesville,,Indiana,47006,,,,,,,,,-85.1863,39.3085,,Y,N,N,N,N,-,,,,,,,,,,,,,,,,,,,,,,,,,,,,,,2013
+1005085,The La Porte Farmers Market,http://www.cityoflaporte.com,https://www.facebook.com/groups/126258084058411/,,,,"Lincolnway and Monroe Street, Downtown LaPorte",LaPorte,LaPorte,Indiana,46350,05/17/2014 to 10/25/2014,Sat: 8:00 AM-1:00 PM;,,,,,,,-86.720388,41.611744,Private business parking lot,Y,Y,N,Y,N,Y,Y,Y,Y,Y,Y,N,Y,Y,Y,Y,Y,N,N,Y,Y,N,Y,Y,Y,N,N,Y,Y,N,Y,Y,N,N,N,3/14/2014 11:39:32 AM
+1003196,The Original Farmers Market,,,,,,Parking lot of UAW Local 662 109 bypass,Anderson,Anderson,Indiana,46012,,,,,,,,,-85.6333,40.0906,,N,N,N,N,N,-,,,,,,,,,,,,,,,,,,,,,,,,,,,,,,2009
+1003463,Tipton County Farmer's Market,,,,,,135 E. Jefferson Street,Tipton,Tipton,Indiana,46072,,,,,,,,,-86.0401,40.282,,N,N,N,N,N,-,,,,,,,,,,,,,,,,,,,,,,,,,,,,,,May 18 2010  1:50PM
+1003960,Town of English Farmers Market,,,,,,Town  Hall  Indiana Ave,English,Crawford,Indiana,47118,June to August,Sat:8:30 AM - 1:00 PM;,,,,,,,-86.44318,38.35216,Local government building grounds,N,Y,N,Y,Y,N,Y,N,N,N,Y,N,Y,Y,Y,Y,N,N,N,N,Y,N,N,Y,N,N,N,N,N,N,N,N,N,N,N,5/30/2012 12:34:43 PM
+1011173,Urban Garden Farmers Market,http://http//www.urbangardenmarket.blogspot.com,,,,,2721 Kenwood,South Bend ,St. Joseph,Indiana,46628,06/13/2015 to 10/10/2015,Sat: 10:00 AM-2:00 PM;,,,,,,,-86.287252,41.678718,,Y,Y,N,Y,Y,N,Y,N,Y,Y,Y,N,Y,Y,Y,Y,N,N,N,N,Y,N,Y,N,N,N,Y,Y,Y,N,N,N,N,N,N,6/15/2015 11:41:14 PM
+1005823,Valparaiso Central Park Plaza Market,http://www.ValparaisoEvents.com,,,,,63 Lafayette St.,Valparaiso,Porter,Indiana,46383,June to October,Tue:8:00 AM - 3:00 PM;Sat:8:00 AM - 3:00 PM;,,,,,,,-87.0622542,41.4670736,Other,N,N,N,N,N,N,Y,Y,N,Y,Y,N,Y,Y,Y,Y,N,N,Y,N,Y,N,Y,N,Y,N,N,N,N,N,N,N,N,N,N,5/31/2012 10:14:56 AM
+1007544,Village Market Cooperative,,,,,,106 N MARKET STREET (BEHIND THE PUBLIC LIBRARY),Rockville,Parke County,Indiana,,,,,,,,,,-87.2295,39.7632,,N,N,N,N,N,-,,,,,,,,,,,,,,,,,,,,,,,,,,,,,,2011
+1006342,Vincennes Historic Farmers Market,http://www.vincennes.org,,,,Facebook,102 N. Second St.,Vincennes,Knox,Indiana,47591,,Wed: 4:00 PM-8:00 PM;Sat: 8:00 AM-1:00 PM;,,,,,,,-87.531306,38.680778,Local government building grounds,N,Y,N,Y,N,N,Y,N,Y,Y,Y,N,Y,Y,Y,Y,Y,Y,N,N,Y,N,Y,Y,Y,N,N,N,Y,N,N,N,N,N,N,6/12/2013 10:35:12 AM
+1004240,Wabash Farmers Market,,,,,,Honeywell Center parking lot,Wabash,Wabash,Indiana,46992,,,,,,,,,-85.8263,40.7954,,N,N,N,N,N,-,,,,,,,,,,,,,,,,,,,,,,,,,,,,,,2009
+1000713,Wadesville Farmers Market,,https://www.facebook.com/groups/221826011178150/,,,,7238 Hwy 66,Wadesville,Posey,Indiana,47638,06/13/2013 to 08/29/2013,Thu: 3:00 PM-6:00 PM;,,,,,,,-87.7880512,38.1048706,Other,N,Y,N,N,N,-,Y,N,Y,N,Y,N,Y,Y,Y,Y,N,N,N,N,Y,N,N,Y,N,N,N,N,Y,N,N,N,N,N,N,6/10/2013 3:16:29 PM
+1001370,WARRICK COUNTY FARMERS' MARKET ASSOCIATION,http://www.ces.purdue.edu/Warrick/.htm,,,,,611 West Main Street,Boonville,Warrick,Indiana,47601,June to October,Sat:7:30 AM - 12:00 PM;,,,,,,,-87.28047,38.05008,Local government building grounds,N,N,N,N,N,-,Y,N,Y,Y,Y,N,Y,Y,Y,Y,N,Y,N,Y,Y,Y,N,Y,Y,N,N,N,N,N,N,N,N,N,N,4/26/2012 3:23:31 PM
+1005699,Washington County Farmers Market,http://www.washcofarmersmkt.org,https://www.facebook.com/washcofarmersmarket,,,,"Fairgrounds, East Market Street",Salem,Washington,Indiana,47167,04/26/2014 to 10/25/2014,Sat: 8:30 AM-12:30 PM;,,,,,,,-86.094468,38.605955,Other,N,N,Y,N,N,-,Y,N,N,Y,Y,N,N,Y,Y,Y,N,Y,N,N,Y,N,N,Y,Y,N,N,N,Y,N,N,N,N,N,N,3/14/2014 3:30:05 PM
+1000441,Wednesday Farmers Market,,,,,,Bloomingfoods parking lot,Bloomfield,Greene,Indiana,47424,,,,,,,,,-86.3927,39.164,,N,N,N,N,N,-,,,,,,,,,,,,,,,,,,,,,,,,,,,,,,2009
+1011203,West Lafayette Farmers Market,http://wlfarmersmarket.com,www.facebook.com/westlafayettefarmersmarket,@WLFarmersMkt,,Instagram: wlfarmersmarket,3065 N Salisbury St,West Lafayette,Tippecanoe,Indiana,47906,05/06/2015 to 10/28/2015,Wed: 3:30 PM-7:00 PM;,,,,,,,-86.915836,40.461469,,Y,Y,N,N,N,-,Y,Y,Y,Y,Y,N,Y,Y,Y,Y,Y,Y,N,N,Y,N,Y,Y,N,N,N,N,Y,N,N,N,N,N,N,6/4/2015 11:31:15 AM
+1000180,Westfield Farmers Market,http://www.dwna.org,,,,,211 N Union Street,Westfield,Hamilton,Indiana,46074,June to August,Fri:4:30 PM - 7:30 PM;,,,,,,,-86.1281489,40.0442490,Local government building grounds,Y,N,N,N,N,-,Y,N,Y,Y,Y,N,N,Y,Y,Y,N,Y,N,N,Y,N,Y,N,N,N,N,N,N,N,N,N,N,N,N,5/10/2012 7:40:47 PM
+1006171,Woodlawn Nature Center Harvest Market,,https://www.facebook.com/pages/Woodlawn-Nature-Center-Harvest-Market/204114226276663,,,,604 Woodlawn Ave,Elkhart,Elkhart,Indiana,46514,05/23/2014 to 10/10/2014,Fri: 1:00 PM-6:00 PM;,,,,,,,-85.9675309,41.7090130,Other,Y,Y,N,Y,N,-,Y,N,Y,N,N,N,Y,Y,Y,Y,N,N,N,Y,Y,N,N,N,Y,N,N,N,Y,N,N,N,N,N,N,5/12/2014 5:52:28 PM
+1003734,YLNI Barr Street Market,http://www.ylni.org/market,https://www.facebook.com/YLNIFarmersMarket,https://twitter.com/YLNIFarmersMarket,,https://instagram.com/YLNIFamersMarket,302 E. Berry Street,Fort Wayne,Allen,Indiana,46802,05/16/2015 to 09/12/2015,Sat: 9:00 AM-1:00 PM;,,,,,,,-85.136171,41.079151,,Y,N,N,N,N,Y,Y,Y,Y,Y,Y,Y,Y,Y,Y,Y,Y,Y,N,Y,Y,N,Y,Y,N,N,Y,Y,Y,N,Y,Y,Y,N,N,3/22/2015 1:01:00 PM
+1004686,Zionsville Farmers Market,http://www.zionsvillefarmersmarket.org,,,,,Hawthorne & Main Street,Zionsville,Boone,Indiana,46077,,,,,,,,,-86.2612,39.9491,,N,N,N,N,N,-,,,,,,,,,,,,,,,,,,,,,,,,,,,,,,2009
diff --git a/home/priyank/Desktop/Dropbox/RCODI/similarity-and-code-analysis/2016greenironhack-phase3/2016greenironhack-crloflin/test.html b/home/priyank/Desktop/Dropbox/RCODI/similarity-and-code-analysis/2016greenironhack-phase4/2016greenironhack-crloflin/test.html
index 215e515..c849dc4 100644
--- a/home/priyank/Desktop/Dropbox/RCODI/similarity-and-code-analysis/2016greenironhack-phase3/2016greenironhack-crloflin/test.html
+++ b/home/priyank/Desktop/Dropbox/RCODI/similarity-and-code-analysis/2016greenironhack-phase4/2016greenironhack-crloflin/test.html
@@ -10,20 +10,39 @@
 <script src="/Users/courtneyloflin/Documents/Purdue/Spring 2016/CNIT 559/IronHacks/bootstrap-3.3.6-dist/js/bootstrap.min.js"></script>
 <script src="/Users/courtneyloflin/Documents/Purdue/Spring 2016/CNIT 559/IronHacks/bootstrap-3.3.6/docs/examples/cover/cover.css"></script>
 
+
+
 </head>
 <body>
 
+<div>
+
+</div>
+
 <div class="container">
     <div class="jumbotron">
+
 	<div id="title">
+<a href="http://www.accuweather.com/en/us/west-lafayette-in/47906/weather-forecast/2135952" class="aw-widget-legal">
+<!--
+By accessing and/or using this code snippet, you agree to AccuWeathers terms and conditions (in English) which can be found at http://www.accuweather.com/en/free-weather-widgets/terms and AccuWeathers Privacy Statement (in English) which can be found at http://www.accuweather.com/en/privacy.
+-->
+</a><div id="awcc1460679806782" class="aw-widget-current"  data-locationkey="2135952" data-unit="f" data-language="en-us" data-useip="true" data-uid="awcc1460679806782"></div><script type="text/javascript" src="http://oap.accuweather.com/launch.js"></script>
+
 	<h1><font color = "mediumseagreen">FreshMark.</font></h1>
+    	
+
 </div>
+
+
 </div>
 
+
+
 <div class="row">
 <div id="search">
     <p>
-        <label for="search"><input type="text" id="search" size="20" name="search" value="" placeholder="Zip or City, State" /></label>
+        <label for="search"><input type="text" id="search" size="23" name="search" value="" placeholder=" What are you looking for?" /></label>
     </p>
     <p>
 	<button type="button">
@@ -31,17 +50,22 @@
     </p>
 </div>
 
+<div>
+<font color= "mediumseagreen">Click a point on the map to view more information.</font>
+</div>
+
+
 <script>
 document.body.style.backgroundColor = "whitesmoke";
 document.getElementById("title").style.font = "italic bold 50px georgia,serif";
 </script>
 
-
-
 <p>
-<iframe src="https://www.google.com/maps/embed?pb=!1m14!1m12!1m3!1d48595.28764912955!2d-86.88720595786137!3d40.42644876847771!2m3!1f0!2f0!3f0!3m2!1i1024!2i768!4f13.1!5e0!3m2!1sen!2sus!4v1459998030026" width="600" height="450" frameborder="0" style="border:0" allowfullscreen></iframe>
+<iframe src="https://www.google.com/maps/d/embed?mid=zF1bopEvHark.kegy8cp-nrsY" width="640" height="480"></iframe>
 </p>
 
+
+
 <style>
 <!div {
 <!    background-color: grey;
